Código Postal,Asentamiento,Tipo de Asentamiento,Municipio,Estado,Ciudad,Clave de Oficina
31000,Chihuahua Centro,Colonia,Chihuahua,Chihuahua,Chihuahua,31001
31000,San Pedro,Barrio,Chihuahua,Chihuahua,Chihuahua,31001
31000,Sector Bolívar,Colonia,Chihuahua,Chihuahua,Chihuahua,31001
31000,Parque Rotario,Colonia,Chihuahua,Chihuahua,Chihuahua,31001
31000,Colon,Colonia,Chihuahua,Chihuahua,Chihuahua,31001
31000,El Bajo,Barrio,Chihuahua,Chihuahua,Chihuahua,31001
31000,San Pedro,Barrio,Chihuahua,Chihuahua,Chihuahua,31001
31020,Santa Rita,Colonia,Chihuahua,Chihuahua,Chihuahua,31052
31020,Cuauhtémoc,Unidad habitacional,Chihuahua,Chihuahua,Chihuahua,31052
31020,Zarco,Fraccionamiento,Chihuahua,Chihuahua,Chihuahua,31052
31020,Inalámbrica,Colonia,Chihuahua,Chihuahua,Chihuahua,31052
31020,Sector Salud,Colonia,Chihuahua,Chihuahua,Chihuahua,31052
31020,Cuarteles,Colonia,Chihuahua,Chihuahua,Chihuahua,31052
31020,Residencial Zarco,Fraccionamiento,Chihuahua,Chihuahua,Chihuahua,31052
31020,Herradura Pdu,Colonia,Chihuahua,Chihuahua,Chihuahua,31052
31020,Linss,Colonia,Chihuahua,Chihuahua,Chihuahua,31052
31020,Rubio,Colonia,Chihuahua,Chihuahua,Chihuahua,31052
31020,Las Huertas,Colonia,Chihuahua,Chihuahua,Chihuahua,31052
31029,Quinta Zona Militar,Equipamiento,Chihuahua,Chihuahua,Chihuahua,31052
31030,Pacifico,Colonia,Chihuahua,Chihuahua,Chihuahua,31052
31030,Francisco I. Madero,Colonia,Chihuahua,Chihuahua,Chihuahua,31052
31030,Rosario,Colonia,Chihuahua,Chihuahua,Chihuahua,31052
31034,Gustavo Diaz Ordaz,Colonia,Chihuahua,Chihuahua,Chihuahua,31052
31034,Francisco R Almada,Fraccionamiento,Chihuahua,Chihuahua,Chihuahua,31052
31034,Reforma,Colonia,Chihuahua,Chihuahua,Chihuahua,31052
31034,Ampliación Reforma,Colonia,Chihuahua,Chihuahua,Chihuahua,31052
31034,Ferrocarrilera,Colonia,Chihuahua,Chihuahua,Chihuahua,31052
31034,Ampliación Gustavo Díaz Ordaz,Colonia,Chihuahua,Chihuahua,Chihuahua,31052
31050,Santa Rosa,Colonia,Chihuahua,Chihuahua,Chihuahua,31052
31050,Pablo Amaya Norte,Colonia,Chihuahua,Chihuahua,Chihuahua,31052
31050,Rincones de Santa Rosa,Unidad habitacional,Chihuahua,Chihuahua,Chihuahua,31052
31050,Pablo Amaya Sur,Colonia,Chihuahua,Chihuahua,Chihuahua,31052
31050,Bellavista,Colonia,Chihuahua,Chihuahua,Chihuahua,31052
31050,Melchor Ocampo,Colonia,Chihuahua,Chihuahua,Chihuahua,31052
31050,Dale,Colonia,Chihuahua,Chihuahua,Chihuahua,31052
31054,Cerro Grande,Colonia,Chihuahua,Chihuahua,Chihuahua,31052
31054,Las Vencedoras,Colonia,Chihuahua,Chihuahua,Chihuahua,31052
31054,Villas del Sur,Fraccionamiento,Chihuahua,Chihuahua,Chihuahua,31052
31054,Loma Alta,Colonia,Chihuahua,Chihuahua,Chihuahua,31052
31054,San Agustín,Colonia,Chihuahua,Chihuahua,Chihuahua,31052
31054,San Jorge,Colonia,Chihuahua,Chihuahua,Chihuahua,31052
31054,San Lázaro,Colonia,Chihuahua,Chihuahua,Chihuahua,31052
31054,San Juan,Colonia,Chihuahua,Chihuahua,Chihuahua,31052
31054,Unidad Proletaria,Colonia,Chihuahua,Chihuahua,Chihuahua,31052
31054,Valle Escondido,Colonia,Chihuahua,Chihuahua,Chihuahua,31052
31054,Villa Dolores,Colonia,Chihuahua,Chihuahua,Chihuahua,31052
31054,Adelitas,Colonia,Chihuahua,Chihuahua,Chihuahua,31052
31060,San Rafael,Colonia,Chihuahua,Chihuahua,Chihuahua,31052
31060,Barrio de Londres,Colonia,Chihuahua,Chihuahua,Chihuahua,31052
31060,La Joya,Colonia,Chihuahua,Chihuahua,Chihuahua,31052
31060,La Minita,Colonia,Chihuahua,Chihuahua,Chihuahua,31052
31060,Toribio Ortega 2,Fraccionamiento,Chihuahua,Chihuahua,Chihuahua,31052
31060,Lealtad I,Colonia,Chihuahua,Chihuahua,Chihuahua,31052
31060,San Fernando,Colonia,Chihuahua,Chihuahua,Chihuahua,31052
31060,Puerta del Sol,Colonia,Chihuahua,Chihuahua,Chihuahua,31052
31060,San Miguel,Colonia,Chihuahua,Chihuahua,Chihuahua,31052
31060,Madera 65,Colonia,Chihuahua,Chihuahua,Chihuahua,31052
31060,Rachali,Fraccionamiento,Chihuahua,Chihuahua,Chihuahua,31052
31063,Mármol Viejo,Colonia,Chihuahua,Chihuahua,Chihuahua,31052
31063,15 de Enero,Colonia,Chihuahua,Chihuahua,Chihuahua,31052
31063,17 de Junio,Colonia,Chihuahua,Chihuahua,Chihuahua,31052
31063,Alianza Popular,Colonia,Chihuahua,Chihuahua,Chihuahua,31052
31063,Chulavista I,Colonia,Chihuahua,Chihuahua,Chihuahua,31052
31063,Chulavista II,Colonia,Chihuahua,Chihuahua,Chihuahua,31052
31063,Cumbres del Sur I,Colonia,Chihuahua,Chihuahua,Chihuahua,31052
31063,Cumbres del Sur II,Colonia,Chihuahua,Chihuahua,Chihuahua,31052
31063,Desarrollo Urbano,Colonia,Chihuahua,Chihuahua,Chihuahua,31052
31063,Dorados de Villa,Colonia,Chihuahua,Chihuahua,Chihuahua,31052
31063,Lázaro Cárdenas,Colonia,Chihuahua,Chihuahua,Chihuahua,31052
31063,Manuel Bernardo Aguirre,Colonia,Chihuahua,Chihuahua,Chihuahua,31052
31063,Mármol I,Colonia,Chihuahua,Chihuahua,Chihuahua,31052
31063,Mármol II,Colonia,Chihuahua,Chihuahua,Chihuahua,31052
31063,Mármol III,Colonia,Chihuahua,Chihuahua,Chihuahua,31052
31063,Nueva España I,Fraccionamiento,Chihuahua,Chihuahua,Chihuahua,31052
31063,Nueva España II,Fraccionamiento,Chihuahua,Chihuahua,Chihuahua,31052
31063,Ampliación las Adelitas,Colonia,Chihuahua,Chihuahua,Chihuahua,31052
31063,Leandro Valle,Colonia,Chihuahua,Chihuahua,Chihuahua,31052
31063,Villas de Nueva España,Fraccionamiento,Chihuahua,Chihuahua,Chihuahua,31052
31063,Puerta Esmeralda,Fraccionamiento,Chihuahua,Chihuahua,Chihuahua,31052
31064,Integración de la Sociedad,Colonia,Chihuahua,Chihuahua,Chihuahua,31052
31064,Villa Juárez,Colonia,Chihuahua,Chihuahua,Chihuahua,31052
31064,27 de Noviembre,Colonia,Chihuahua,Chihuahua,Chihuahua,31052
31064,Felipe Ángeles,Colonia,Chihuahua,Chihuahua,Chihuahua,31052
31064,Libertad,Colonia,Chihuahua,Chihuahua,Chihuahua,31052
31064,México 91,Colonia,Chihuahua,Chihuahua,Chihuahua,31052
31064,Miguel Hidalgo,Colonia,Chihuahua,Chihuahua,Chihuahua,31052
31064,Misael Núñez,Colonia,Chihuahua,Chihuahua,Chihuahua,31052
31064,Plan de Ayala,Colonia,Chihuahua,Chihuahua,Chihuahua,31052
31064,Rigoberto Quiroz,Colonia,Chihuahua,Chihuahua,Chihuahua,31052
31064,Ampliación Rigoberto Quiroz,Colonia,Chihuahua,Chihuahua,Chihuahua,31052
31064,Sector Reloj,Colonia,Chihuahua,Chihuahua,Chihuahua,31052
31064,Ricardo Flores Magón,Colonia,Chihuahua,Chihuahua,Chihuahua,31052
31064,Cecyt,Fraccionamiento,Chihuahua,Chihuahua,Chihuahua,31052
31064,Ampliación Ricardo Flores Magón,Colonia,Chihuahua,Chihuahua,Chihuahua,31052
31064,División del Norte,Colonia,Chihuahua,Chihuahua,Chihuahua,31052
31065,Tres Marías,Colonia,Chihuahua,Chihuahua,Chihuahua,31052
31065,La Noria,Colonia,Chihuahua,Chihuahua,Chihuahua,31052
31065,La Hondonada,Colonia,Chihuahua,Chihuahua,Chihuahua,31052
31065,Cuauhtémoc,Colonia,Chihuahua,Chihuahua,Chihuahua,31052
31065,Santa María,Colonia,Chihuahua,Chihuahua,Chihuahua,31052
31065,3 de Mayo,Colonia,Chihuahua,Chihuahua,Chihuahua,31052
31065,Clara Córdova,Colonia,Chihuahua,Chihuahua,Chihuahua,31052
31065,Granjas Cerro Grande,Colonia,Chihuahua,Chihuahua,Chihuahua,31052
31065,Toribio Ortega,Colonia,Chihuahua,Chihuahua,Chihuahua,31052
31065,Vista Hermosa,Colonia,Chihuahua,Chihuahua,Chihuahua,31052
31065,Casa Blanca Sur,Colonia,Chihuahua,Chihuahua,Chihuahua,31052
31065,Los Llanos,Colonia,Chihuahua,Chihuahua,Chihuahua,31052
31065,Luis Donaldo Colosio,Colonia,Chihuahua,Chihuahua,Chihuahua,31052
31065,Secretaria de la Marina,Colonia,Chihuahua,Chihuahua,Chihuahua,31052
31065,Ejidal,Colonia,Chihuahua,Chihuahua,Chihuahua,31052
31065,Vistas Cerro Grande,Fraccionamiento,Chihuahua,Chihuahua,Chihuahua,31052
31065,Divisadero,Colonia,Chihuahua,Chihuahua,Chihuahua,31052
31065,Mezquites,Colonia,Chihuahua,Chihuahua,Chihuahua,31052
31065,Santa Elena,Colonia,Chihuahua,Chihuahua,Chihuahua,31052
31065,Ladrilleros,Colonia,Chihuahua,Chihuahua,Chihuahua,31052
31065,Jorge Barousse,Colonia,Chihuahua,Chihuahua,Chihuahua,31052
31065,Las Cruces,Colonia,Chihuahua,Chihuahua,Chihuahua,31052
31065,La Soledad,Colonia,Chihuahua,Chihuahua,Chihuahua,31052
31065,San Martín,Colonia,Chihuahua,Chihuahua,Chihuahua,31052
31066,San Agustín,Colonia,Chihuahua,Chihuahua,Chihuahua,31052
31066,Praderas,Colonia,Chihuahua,Chihuahua,Chihuahua,31052
31066,Granjas de Chihuahua,Colonia,Chihuahua,Chihuahua,Chihuahua,31052
31066,San José,Colonia,Chihuahua,Chihuahua,Chihuahua,31052
31066,El Bosque,Colonia,Chihuahua,Chihuahua,Chihuahua,31052
31066,Granja los Mezquites,Colonia,Chihuahua,Chihuahua,Chihuahua,31052
31066,Granjas el Paraíso,Colonia,Chihuahua,Chihuahua,Chihuahua,31052
31066,Las Rosas,Colonia,Chihuahua,Chihuahua,Chihuahua,31052
31066,Granja San Joaquín,Colonia,Chihuahua,Chihuahua,Chihuahua,31052
31066,Granjas del Sur,Colonia,Chihuahua,Chihuahua,Chihuahua,31052
31066,El Mimbre,Colonia,Chihuahua,Chihuahua,Chihuahua,31052
31066,Puerta de Alcalá,Colonia,Chihuahua,Chihuahua,Chihuahua,31052
31066,Campo Viejo,Colonia,Chihuahua,Chihuahua,Chihuahua,31052
31066,Campo Viejo 2,Colonia,Chihuahua,Chihuahua,Chihuahua,31052
31066,Valle Dorado,Colonia,Chihuahua,Chihuahua,Chihuahua,31052
31066,11 de Febrero,Colonia,Chihuahua,Chihuahua,Chihuahua,31052
31066,Sep,Colonia,Chihuahua,Chihuahua,Chihuahua,31052
31066,María Isabel,Fraccionamiento,Chihuahua,Chihuahua,Chihuahua,31052
31066,Las Flores,Colonia,Chihuahua,Chihuahua,Chihuahua,31052
31066,Granjas Villa Juárez,Colonia,Chihuahua,Chihuahua,Chihuahua,31052
31066,Valle del Sur,Colonia,Chihuahua,Chihuahua,Chihuahua,31052
31066,Las Torres,Colonia,Chihuahua,Chihuahua,Chihuahua,31052
31067,Instalaciones de Pemex,Zona industrial,Chihuahua,Chihuahua,Chihuahua,31052
31074,Robinson,Zona industrial,Chihuahua,Chihuahua,Chihuahua,31052
31074,Avalos,Colonia,Chihuahua,Chihuahua,Chihuahua,31052
31074,1 de Mayo,Colonia,Chihuahua,Chihuahua,Chihuahua,31052
31074,Crucero,Colonia,Chihuahua,Chihuahua,Chihuahua,31052
31074,Americana,Fraccionamiento,Chihuahua,Chihuahua,Chihuahua,31052
31074,Ampliación 1 de Mayo,Colonia,Chihuahua,Chihuahua,Chihuahua,31052
31074,Veteranos de la Revolución,Colonia,Chihuahua,Chihuahua,Chihuahua,31052
31074,Rinconada los Nogales,Fraccionamiento,Chihuahua,Chihuahua,Chihuahua,31052
31074,Unidad Deportiva Sur,Equipamiento,Chihuahua,Chihuahua,Chihuahua,31052
31075,Tres Castillos,Colonia,Chihuahua,Chihuahua,Chihuahua,31052
31075,Felipe Ángeles,Colonia,Chihuahua,Chihuahua,Chihuahua,31052
31075,Lomas de Oriente,Colonia,Chihuahua,Chihuahua,Chihuahua,31052
31075,Ampliación Crucero,Colonia,Chihuahua,Chihuahua,Chihuahua,31052
31075,Cruz del Sur,Colonia,Chihuahua,Chihuahua,Chihuahua,31052
31075,Morse,Colonia,Chihuahua,Chihuahua,Chihuahua,31052
31075,Las Margaritas,Colonia,Chihuahua,Chihuahua,Chihuahua,31052
31075,Diana Laura Rojas de Colosio,Colonia,Chihuahua,Chihuahua,Chihuahua,31052
31075,El Huerto,Colonia,Chihuahua,Chihuahua,Chihuahua,31052
31075,Nogales,Colonia,Chihuahua,Chihuahua,Chihuahua,31052
31075,San Ángel,Colonia,Chihuahua,Chihuahua,Chihuahua,31052
31075,Bahías,Colonia,Chihuahua,Chihuahua,Chihuahua,31052
31075,Olímpica,Colonia,Chihuahua,Chihuahua,Chihuahua,31052
31075,México,Colonia,Chihuahua,Chihuahua,Chihuahua,31052
31075,Las Garzas,Colonia,Chihuahua,Chihuahua,Chihuahua,31052
31076,Ladrillera Sur,Colonia,Chihuahua,Chihuahua,Chihuahua,31052
31100,Las Granjas,Colonia,Chihuahua,Chihuahua,Chihuahua,31001
31100,Militar,Colonia,Chihuahua,Chihuahua,Chihuahua,31001
31100,Lagos,Colonia,Chihuahua,Chihuahua,Chihuahua,31001
31100,Karike,Colonia,Chihuahua,Chihuahua,Chihuahua,31001
31100,Lomas Vallarta,Colonia,Chihuahua,Chihuahua,Chihuahua,31001
31100,Roma,Colonia,Chihuahua,Chihuahua,Chihuahua,31001
31100,Roma V,Condominio,Chihuahua,Chihuahua,Chihuahua,31001
31100,San Ignacio,Colonia,Chihuahua,Chihuahua,Chihuahua,31001
31100,Zaragoza,Colonia,Chihuahua,Chihuahua,Chihuahua,31001
31100,San Jorge,Colonia,Chihuahua,Chihuahua,Chihuahua,31001
31100,San Agustín,Fraccionamiento,Chihuahua,Chihuahua,Chihuahua,31001
31104,Parral,Fraccionamiento,Chihuahua,Chihuahua,Chihuahua,31102
31104,Abraham González,Colonia,Chihuahua,Chihuahua,Chihuahua,31102
31104,Altamira,Colonia,Chihuahua,Chihuahua,Chihuahua,31102
31104,Basaseachi,Colonia,Chihuahua,Chihuahua,Chihuahua,31102
31104,Brisas del Real,Colonia,Chihuahua,Chihuahua,Chihuahua,31102
31104,Cerocahui,Colonia,Chihuahua,Chihuahua,Chihuahua,31102
31104,Chihuahua I,Colonia,Chihuahua,Chihuahua,Chihuahua,31102
31104,Esperanza,Colonia,Chihuahua,Chihuahua,Chihuahua,31102
31104,Francisco I. Madero,Colonia,Chihuahua,Chihuahua,Chihuahua,31102
31104,Insurgentes,Colonia,Chihuahua,Chihuahua,Chihuahua,31102
31104,Miramar,Colonia,Chihuahua,Chihuahua,Chihuahua,31102
31104,Riso Aros (Santa Clara),Colonia,Chihuahua,Chihuahua,Chihuahua,31102
31104,Rincón del Lago,Colonia,Chihuahua,Chihuahua,Chihuahua,31102
31104,Rincón Parralense,Fraccionamiento,Chihuahua,Chihuahua,Chihuahua,31102
31104,Roma II,Colonia,Chihuahua,Chihuahua,Chihuahua,31102
31104,Santa Bárbara,Colonia,Chihuahua,Chihuahua,Chihuahua,31102
31104,Satélite,Colonia,Chihuahua,Chihuahua,Chihuahua,31102
31104,Floresta Residencial,Fraccionamiento,Chihuahua,Chihuahua,Chihuahua,31102
31104,Versalles,Colonia,Chihuahua,Chihuahua,Chihuahua,31102
31104,Chihuahua III,Colonia,Chihuahua,Chihuahua,Chihuahua,31102
31104,Chihuahua II,Colonia,Chihuahua,Chihuahua,Chihuahua,31102
31104,Rincón de Zaragoza,Fraccionamiento,Chihuahua,Chihuahua,Chihuahua,31102
31104,Kafra,Fraccionamiento,Chihuahua,Chihuahua,Chihuahua,31102
31104,Lagos,Fraccionamiento,Chihuahua,Chihuahua,Chihuahua,31102
31104,San Jorge Norte,Fraccionamiento,Chihuahua,Chihuahua,Chihuahua,31102
31104,El Parralense,Fraccionamiento,Chihuahua,Chihuahua,Chihuahua,31102
31104,Privanza San Ángel,Fraccionamiento,Chihuahua,Chihuahua,Chihuahua,31102
31105,Zona Industrial Nombre de Dios,Zona industrial,Chihuahua,Chihuahua,Chihuahua,31102
31105,Adolfo López Mateos,Colonia,Chihuahua,Chihuahua,Chihuahua,31102
31105,Cosmos,Colonia,Chihuahua,Chihuahua,Chihuahua,31102
31105,Termoeléctrica Sector,Equipamiento,Chihuahua,Chihuahua,Chihuahua,31102
31105,Vicente Guerrero,Fraccionamiento,Chihuahua,Chihuahua,Chihuahua,31102
31105,Verde,Colonia,Chihuahua,Chihuahua,Chihuahua,31102
31105,Los Saúcos,Colonia,Chihuahua,Chihuahua,Chihuahua,31102
31106,Continental,Colonia,Chihuahua,Chihuahua,Chihuahua,31102
31106,Ángeles,Fraccionamiento,Chihuahua,Chihuahua,Chihuahua,31102
31106,San Guillermo,Fraccionamiento,Chihuahua,Chihuahua,Chihuahua,31102
31106,Reforma,Fraccionamiento,Chihuahua,Chihuahua,Chihuahua,31102
31106,San Vicente,Colonia,Chihuahua,Chihuahua,Chihuahua,31102
31106,Río Grande,Colonia,Chihuahua,Chihuahua,Chihuahua,31102
31106,Quintas del Río,Fraccionamiento,Chihuahua,Chihuahua,Chihuahua,31102
31106,Rincón Colonial,Fraccionamiento,Chihuahua,Chihuahua,Chihuahua,31102
31107,Panorámico,Colonia,Chihuahua,Chihuahua,Chihuahua,31102
31107,Los Frailes,Colonia,Chihuahua,Chihuahua,Chihuahua,31102
31107,San Pablo,Colonia,Chihuahua,Chihuahua,Chihuahua,31102
31110,El Saucito,Zona comercial,Chihuahua,Chihuahua,Chihuahua,31102
31110,Arboledas I,Colonia,Chihuahua,Chihuahua,Chihuahua,31102
31110,Arboledas IV,Colonia,Chihuahua,Chihuahua,Chihuahua,31102
31110,Colinas del Sol,Colonia,Chihuahua,Chihuahua,Chihuahua,31102
31110,Lomas del Sol II,Colonia,Chihuahua,Chihuahua,Chihuahua,31102
31110,San Andrés,Colonia,Chihuahua,Chihuahua,Chihuahua,31102
31110,Argentina,Colonia,Chihuahua,Chihuahua,Chihuahua,31102
31110,Saucito,Colonia,Chihuahua,Chihuahua,Chihuahua,31102
31110,Los Mezquites,Colonia,Chihuahua,Chihuahua,Chihuahua,31102
31110,Arboledas II,Colonia,Chihuahua,Chihuahua,Chihuahua,31102
31110,Los Encinos,Fraccionamiento,Chihuahua,Chihuahua,Chihuahua,31102
31110,Paseo de las Moras,Fraccionamiento,Chihuahua,Chihuahua,Chihuahua,31102
31110,Arboledas III,Colonia,Chihuahua,Chihuahua,Chihuahua,31102
31110,Los Encinos II,Fraccionamiento,Chihuahua,Chihuahua,Chihuahua,31102
31110,Lomas los Frailes,Fraccionamiento,Chihuahua,Chihuahua,Chihuahua,31102
31110,Arboledas V,Colonia,Chihuahua,Chihuahua,Chihuahua,31102
31114,Lomas del Sol I,Colonia,Chihuahua,Chihuahua,Chihuahua,31102
31114,Charros,Colonia,Chihuahua,Chihuahua,Chihuahua,31102
31114,Colinas del Sol III,Colonia,Chihuahua,Chihuahua,Chihuahua,31102
31114,Complejo Industrial las Américas,Zona industrial,Chihuahua,Chihuahua,Chihuahua,31102
31114,Lomas América,Fraccionamiento,Chihuahua,Chihuahua,Chihuahua,31102
31115,Calicanto,Fraccionamiento,Chihuahua,Chihuahua,Chihuahua,31102
31115,Punto Alto E-2,Condominio,Chihuahua,Chihuahua,Chihuahua,31102
31115,Residencial San Francisco,Fraccionamiento,Chihuahua,Chihuahua,Chihuahua,31102
31115,Bosques de San Francisco III,Fraccionamiento,Chihuahua,Chihuahua,Chihuahua,31102
31115,Jardines de San Francisco,Fraccionamiento,Chihuahua,Chihuahua,Chihuahua,31102
31115,Misión del Bosque,Fraccionamiento,Chihuahua,Chihuahua,Chihuahua,31102
31115,Las Misiones,Fraccionamiento,Chihuahua,Chihuahua,Chihuahua,31102
31115,Valle del Ángel,Fraccionamiento,Chihuahua,Chihuahua,Chihuahua,31102
31115,Bosques de San Francisco,Fraccionamiento,Chihuahua,Chihuahua,Chihuahua,31102
31115,Cerrada la Cantera,Fraccionamiento,Chihuahua,Chihuahua,Chihuahua,31102
31115,Rincones de San Francisco,Fraccionamiento,Chihuahua,Chihuahua,Chihuahua,31102
31115,Villa Toscana,Fraccionamiento,Chihuahua,Chihuahua,Chihuahua,31102
31115,Misión del Valle,Fraccionamiento,Chihuahua,Chihuahua,Chihuahua,31102
31115,Misión del Valle II,Fraccionamiento,Chihuahua,Chihuahua,Chihuahua,31102
31115,Las Canteras,Fraccionamiento,Chihuahua,Chihuahua,Chihuahua,31102
31116,Puente de Piedra,Fraccionamiento,Chihuahua,Chihuahua,Chihuahua,31102
31120,Nacional,Colonia,Chihuahua,Chihuahua,Chihuahua,31102
31120,Churubusco,Colonia,Chihuahua,Chihuahua,Chihuahua,31102
31120,Laura Leticia,Colonia,Chihuahua,Chihuahua,Chihuahua,31102
31120,Lomas Karike,Colonia,Chihuahua,Chihuahua,Chihuahua,31102
31120,Lourdes,Colonia,Chihuahua,Chihuahua,Chihuahua,31102
31120,Paquime,Colonia,Chihuahua,Chihuahua,Chihuahua,31102
31120,Vallarta,Fraccionamiento,Chihuahua,Chihuahua,Chihuahua,31102
31122,Hacienda de Santa Clara,Fraccionamiento,Chihuahua,Chihuahua,Chihuahua,31132
31122,Puerta Rivera Real,Fraccionamiento,Chihuahua,Chihuahua,Chihuahua,31132
31122,Las Lunas Residencial 2,Fraccionamiento,Chihuahua,Chihuahua,Chihuahua,31132
31122,Puerta de San Miguel,Fraccionamiento,Chihuahua,Chihuahua,Chihuahua,31132
31122,Monte Xenit,Fraccionamiento,Chihuahua,Chihuahua,Chihuahua,31132
31122,Hacienda Río de la Plata,Fraccionamiento,Chihuahua,Chihuahua,Chihuahua,31132
31122,Provincia de Santa Clara,Fraccionamiento,Chihuahua,Chihuahua,Chihuahua,31132
31123,Diego Lucero,Colonia,Chihuahua,Chihuahua,Chihuahua,31102
31123,Complejo Industrial el Saucito,Zona industrial,Chihuahua,Chihuahua,Chihuahua,31102
31123,Bahías,Colonia,Chihuahua,Chihuahua,Chihuahua,31102
31123,Nuevo Paraíso,Colonia,Chihuahua,Chihuahua,Chihuahua,31102
31123,Ignacio Rodríguez,Colonia,Chihuahua,Chihuahua,Chihuahua,31102
31123,Felipe Ángeles,Colonia,Chihuahua,Chihuahua,Chihuahua,31102
31123,Lomas Universidad,Fraccionamiento,Chihuahua,Chihuahua,Chihuahua,31102
31123,Jardines del Saucito,Fraccionamiento,Chihuahua,Chihuahua,Chihuahua,31102
31123,Bahia de los Ángeles,Fraccionamiento,Chihuahua,Chihuahua,Chihuahua,31102
31123,Rincón Soberano,Fraccionamiento,Chihuahua,Chihuahua,Chihuahua,31102
31123,Barrancas,Fraccionamiento,Chihuahua,Chihuahua,Chihuahua,31102
31123,Rincones del Pedregal,Fraccionamiento,Chihuahua,Chihuahua,Chihuahua,31102
31123,Los Álamos,Fraccionamiento,Chihuahua,Chihuahua,Chihuahua,31102
31123,Cumbres de San Francisco,Fraccionamiento,Chihuahua,Chihuahua,Chihuahua,31102
31124,Misión Universidad,Fraccionamiento,Chihuahua,Chihuahua,Chihuahua,31132
31124,Hacienda del Moro,Fraccionamiento,Chihuahua,Chihuahua,Chihuahua,31132
31124,Maseru,Fraccionamiento,Chihuahua,Chihuahua,Chihuahua,31132
31124,Varenna,Fraccionamiento,Chihuahua,Chihuahua,Chihuahua,31132
31124,Rincón de la Mora,Fraccionamiento,Chihuahua,Chihuahua,Chihuahua,31132
31124,Ignacio Allende,Colonia,Chihuahua,Chihuahua,Chihuahua,31132
31124,Constituyentes,Colonia,Chihuahua,Chihuahua,Chihuahua,31132
31124,Loma Dorada,Fraccionamiento,Chihuahua,Chihuahua,Chihuahua,31132
31124,Unidad,Colonia,Chihuahua,Chihuahua,Chihuahua,31132
31124,Villa Dorada,Colonia,Chihuahua,Chihuahua,Chihuahua,31132
31124,Oscar Flores Sanchez,Colonia,Chihuahua,Chihuahua,Chihuahua,31132
31124,Las Lomas,Fraccionamiento,Chihuahua,Chihuahua,Chihuahua,31132
31124,Cumbres Universidad,Fraccionamiento,Chihuahua,Chihuahua,Chihuahua,31132
31124,Cumbres Universidad II,Fraccionamiento,Chihuahua,Chihuahua,Chihuahua,31132
31124,Jardines Universidad,Fraccionamiento,Chihuahua,Chihuahua,Chihuahua,31132
31124,Rinconada Universidad,Colonia,Chihuahua,Chihuahua,Chihuahua,31132
31124,Rinconadas de la Sierra,Fraccionamiento,Chihuahua,Chihuahua,Chihuahua,31132
31124,Nuevo Chihuahua,Fraccionamiento,Chihuahua,Chihuahua,Chihuahua,31132
31124,Quintas Chihuahua,Fraccionamiento,Chihuahua,Chihuahua,Chihuahua,31132
31124,Mision Universidad I,Fraccionamiento,Chihuahua,Chihuahua,Chihuahua,31132
31124,Riscos del Sol,Fraccionamiento,Chihuahua,Chihuahua,Chihuahua,31132
31124,Campo Bello,Fraccionamiento,Chihuahua,Chihuahua,Chihuahua,31132
31124,Paseo de las Misiones,Fraccionamiento,Chihuahua,Chihuahua,Chihuahua,31132
31124,Riscos del Ángel,Fraccionamiento,Chihuahua,Chihuahua,Chihuahua,31132
31124,Cordilleras,Fraccionamiento,Chihuahua,Chihuahua,Chihuahua,31132
31124,Rinconada Universidad II,Fraccionamiento,Chihuahua,Chihuahua,Chihuahua,31132
31124,Villas del Sol,Fraccionamiento,Chihuahua,Chihuahua,Chihuahua,31132
31124,Los Claustros Universidad,Fraccionamiento,Chihuahua,Chihuahua,Chihuahua,31132
31124,Puerta del Valle,Fraccionamiento,Chihuahua,Chihuahua,Chihuahua,31132
31124,Rincones del Picacho,Fraccionamiento,Chihuahua,Chihuahua,Chihuahua,31132
31125,Las Lunas Residencial,Fraccionamiento,Chihuahua,Chihuahua,Chihuahua,31132
31125,Deportistas,Colonia,Chihuahua,Chihuahua,Chihuahua,31132
31125,Deportistas,Fraccionamiento,Chihuahua,Chihuahua,Chihuahua,31132
31125,México 68,Colonia,Chihuahua,Chihuahua,Chihuahua,31132
31125,Ampliación Insurgentes,Colonia,Chihuahua,Chihuahua,Chihuahua,31132
31125,Real Universidad,Colonia,Chihuahua,Chihuahua,Chihuahua,31132
31125,Insurgentes I,Colonia,Chihuahua,Chihuahua,Chihuahua,31132
31125,Insurgentes II,Colonia,Chihuahua,Chihuahua,Chihuahua,31132
31125,Felipe Ángeles,Fraccionamiento,Chihuahua,Chihuahua,Chihuahua,31132
31125,Renovación,Colonia,Chihuahua,Chihuahua,Chihuahua,31132
31125,Paseos de Chihuahua,Colonia,Chihuahua,Chihuahua,Chihuahua,31132
31125,Residencial Universidad,Fraccionamiento,Chihuahua,Chihuahua,Chihuahua,31132
31125,Los Huertos,Colonia,Chihuahua,Chihuahua,Chihuahua,31132
31125,Cafetales,Fraccionamiento,Chihuahua,Chihuahua,Chihuahua,31132
31125,Los Arroyos,Fraccionamiento,Chihuahua,Chihuahua,Chihuahua,31132
31125,Rincón de los Huertos,Fraccionamiento,Chihuahua,Chihuahua,Chihuahua,31132
31125,Quinta Sebastián,Fraccionamiento,Chihuahua,Chihuahua,Chihuahua,31132
31125,Rinconada de Cervantes,Fraccionamiento,Chihuahua,Chihuahua,Chihuahua,31132
31125,Nuevo Campus Universitario,Equipamiento,Chihuahua,Chihuahua,Chihuahua,31132
31125,Santa Teresa,Fraccionamiento,Chihuahua,Chihuahua,Chihuahua,31132
31125,Las Delicias,Fraccionamiento,Chihuahua,Chihuahua,Chihuahua,31132
31125,Jardines de la Mancha,Fraccionamiento,Chihuahua,Chihuahua,Chihuahua,31132
31125,Bosques de San Pedro,Fraccionamiento,Chihuahua,Chihuahua,Chihuahua,31132
31125,Valle de San Pedro,Fraccionamiento,Chihuahua,Chihuahua,Chihuahua,31132
31126,Santa Elena,Fraccionamiento,Chihuahua,Chihuahua,Chihuahua,31102
31126,Molino de Viento,Fraccionamiento,Chihuahua,Chihuahua,Chihuahua,31102
31126,Tierra y Libertad,Colonia,Chihuahua,Chihuahua,Chihuahua,31102
31126,24 de Junio,Colonia,Chihuahua,Chihuahua,Chihuahua,31102
31126,Anexo Santa Rosa,Fraccionamiento,Chihuahua,Chihuahua,Chihuahua,31102
31126,San José,Colonia,Chihuahua,Chihuahua,Chihuahua,31102
31126,Lomas San José,Fraccionamiento,Chihuahua,Chihuahua,Chihuahua,31102
31126,Torres del Rey,Fraccionamiento,Chihuahua,Chihuahua,Chihuahua,31102
31126,Adriana,Fraccionamiento,Chihuahua,Chihuahua,Chihuahua,31102
31126,Anexo Barbarita,Colonia,Chihuahua,Chihuahua,Chihuahua,31102
31126,Santa Bárbara,Fraccionamiento,Chihuahua,Chihuahua,Chihuahua,31102
31126,Santa Mónica,Fraccionamiento,Chihuahua,Chihuahua,Chihuahua,31102
31126,22 de Septiembre,Colonia,Chihuahua,Chihuahua,Chihuahua,31102
31126,Casa Blanca,Fraccionamiento,Chihuahua,Chihuahua,Chihuahua,31102
31126,Majalca,Fraccionamiento,Chihuahua,Chihuahua,Chihuahua,31102
31127,Los Viñedos,Fraccionamiento,Chihuahua,Chihuahua,Chihuahua,31132
31130,Jardines del Norte,Fraccionamiento,Chihuahua,Chihuahua,Chihuahua,31102
31130,CTM (Ortiz),Colonia,Chihuahua,Chihuahua,Chihuahua,31102
31130,Gloria,Colonia,Chihuahua,Chihuahua,Chihuahua,31102
31130,Juan Escutia,Colonia,Chihuahua,Chihuahua,Chihuahua,31102
31130,Monaco,Colonia,Chihuahua,Chihuahua,Chihuahua,31102
31130,Niños Héroes,Colonia,Chihuahua,Chihuahua,Chihuahua,31102
31130,Rincones de San Andrés,Colonia,Chihuahua,Chihuahua,Chihuahua,31102
31134,Oasis Revolución,Colonia,Chihuahua,Chihuahua,Chihuahua,31102
31134,La Franja,Colonia,Chihuahua,Chihuahua,Chihuahua,31102
31134,San Patricio,Colonia,Chihuahua,Chihuahua,Chihuahua,31102
31134,Sector Independencia,Colonia,Chihuahua,Chihuahua,Chihuahua,31102
31134,2 de Junio,Colonia,Chihuahua,Chihuahua,Chihuahua,31102
31134,Francisco Villa,Colonia,Chihuahua,Chihuahua,Chihuahua,31102
31134,Grecia,Fraccionamiento,Chihuahua,Chihuahua,Chihuahua,31102
31134,Ortiz,Fraccionamiento,Chihuahua,Chihuahua,Chihuahua,31102
31135,CDP,Colonia,Chihuahua,Chihuahua,Chihuahua,31102
31135,Francisco Domínguez,Colonia,Chihuahua,Chihuahua,Chihuahua,31102
31135,Revolución,Colonia,Chihuahua,Chihuahua,Chihuahua,31102
31136,Chihuahua 2000 I Etapa,Colonia,Chihuahua,Chihuahua,Chihuahua,31132
31136,Chihuahua 2000 II Etapa,Colonia,Chihuahua,Chihuahua,Chihuahua,31132
31136,Las Alamedas,Colonia,Chihuahua,Chihuahua,Chihuahua,31132
31136,José María Ponce de León,Colonia,Chihuahua,Chihuahua,Chihuahua,31132
31136,Quintas Quijote,Fraccionamiento,Chihuahua,Chihuahua,Chihuahua,31132
31136,Sergio de la Torre Hernández,Colonia,Chihuahua,Chihuahua,Chihuahua,31132
31136,Complejo Industrial Chihuahua,Zona industrial,Chihuahua,Chihuahua,Chihuahua,31132
31136,Chihuahua Siglo XXI,Fraccionamiento,Chihuahua,Chihuahua,Chihuahua,31132
31136,Chihuahua 2094,Colonia,Chihuahua,Chihuahua,Chihuahua,31132
31137,20 Aniversario,Colonia,Chihuahua,Chihuahua,Chihuahua,31132
31137,Los Arcos,Fraccionamiento,Chihuahua,Chihuahua,Chihuahua,31132
31137,Vida Digna,Colonia,Chihuahua,Chihuahua,Chihuahua,31132
31137,Constituyentes,Colonia,Chihuahua,Chihuahua,Chihuahua,31132
31137,Francisco Ruiz Massieu,Colonia,Chihuahua,Chihuahua,Chihuahua,31132
31137,Inti Peredo,Colonia,Chihuahua,Chihuahua,Chihuahua,31132
31137,José Vasconcelos,Colonia,Chihuahua,Chihuahua,Chihuahua,31132
31137,Juan Guereca,Colonia,Chihuahua,Chihuahua,Chihuahua,31132
31137,Ampliación Juan Guereca,Colonia,Chihuahua,Chihuahua,Chihuahua,31132
31137,Laderas,Colonia,Chihuahua,Chihuahua,Chihuahua,31132
31137,Magisterial Solidaridad,Colonia,Chihuahua,Chihuahua,Chihuahua,31132
31137,Miguel Sigala,Colonia,Chihuahua,Chihuahua,Chihuahua,31132
31137,Niños Héroes,Colonia,Chihuahua,Chihuahua,Chihuahua,31132
31137,Pedro Domínguez,Colonia,Chihuahua,Chihuahua,Chihuahua,31132
31137,Los Portales,Colonia,Chihuahua,Chihuahua,Chihuahua,31132
31137,Pozos del Valle,Colonia,Chihuahua,Chihuahua,Chihuahua,31132
31137,Rodolfo Fierro,Colonia,Chihuahua,Chihuahua,Chihuahua,31132
31137,María Elena Hernandez,Colonia,Chihuahua,Chihuahua,Chihuahua,31132
31137,Santa Cecilia,Colonia,Chihuahua,Chihuahua,Chihuahua,31132
31137,Tarahumara,Colonia,Chihuahua,Chihuahua,Chihuahua,31132
31137,Vicente Guereca,Colonia,Chihuahua,Chihuahua,Chihuahua,31132
31137,Luis Donaldo Colosio Murrieta,Colonia,Chihuahua,Chihuahua,Chihuahua,31132
31137,Luis Fuentes Mares,Colonia,Chihuahua,Chihuahua,Chihuahua,31132
31137,Atanacio Ortega,Colonia,Chihuahua,Chihuahua,Chihuahua,31132
31137,Antorcha Popular,Colonia,Chihuahua,Chihuahua,Chihuahua,31132
31137,El Porvenir,Colonia,Chihuahua,Chihuahua,Chihuahua,31132
31137,Villa del Real,Fraccionamiento,Chihuahua,Chihuahua,Chihuahua,31132
31137,Progreso Nacional,Colonia,Chihuahua,Chihuahua,Chihuahua,31132
31137,Villa del Norte,Colonia,Chihuahua,Chihuahua,Chihuahua,31132
31137,Dumas,Colonia,Chihuahua,Chihuahua,Chihuahua,31132
31137,Sahuaros,Fraccionamiento,Chihuahua,Chihuahua,Chihuahua,31132
31137,Real de Santa Eulalia,Fraccionamiento,Chihuahua,Chihuahua,Chihuahua,31132
31137,Colonial de Minas,Fraccionamiento,Chihuahua,Chihuahua,Chihuahua,31132
31137,Solidaridad Popular,Colonia,Chihuahua,Chihuahua,Chihuahua,31132
31137,Puerta Real,Fraccionamiento,Chihuahua,Chihuahua,Chihuahua,31132
31140,Raymundo López,Colonia,Chihuahua,Chihuahua,Chihuahua,31132
31140,Nuevo Triunfo,Colonia,Chihuahua,Chihuahua,Chihuahua,31132
31140,Las Quintas,Colonia,Chihuahua,Chihuahua,Chihuahua,31132
31140,Santo Tomás,Colonia,Chihuahua,Chihuahua,Chihuahua,31132
31140,El Vergel,Fraccionamiento,Chihuahua,Chihuahua,Chihuahua,31132
31140,Integración,Colonia,Chihuahua,Chihuahua,Chihuahua,31132
31140,Nuevo Horizonte,Colonia,Chihuahua,Chihuahua,Chihuahua,31132
31140,México,Colonia,Chihuahua,Chihuahua,Chihuahua,31132
31143,Las Torres,Colonia,Chihuahua,Chihuahua,Chihuahua,31132
31143,Roberto Orozco,Colonia,Chihuahua,Chihuahua,Chihuahua,31132
31144,Real de Minas,Colonia,Chihuahua,Chihuahua,Chihuahua,31132
31144,Del Olmo,Fraccionamiento,Chihuahua,Chihuahua,Chihuahua,31132
31146,Quinta San Miguel,Fraccionamiento,Chihuahua,Chihuahua,Chihuahua,31132
31146,La Ribereña,Fraccionamiento,Chihuahua,Chihuahua,Chihuahua,31132
31146,Catania Residencial,Fraccionamiento,Chihuahua,Chihuahua,Chihuahua,31132
31146,Avania,Fraccionamiento,Chihuahua,Chihuahua,Chihuahua,31132
31146,Quintas Carolinas,Fraccionamiento,Chihuahua,Chihuahua,Chihuahua,31132
31146,Atenas,Fraccionamiento,Chihuahua,Chihuahua,Chihuahua,31132
31146,Jardines del Sacramento,Fraccionamiento,Chihuahua,Chihuahua,Chihuahua,31132
31146,Los Potreros,Fraccionamiento,Chihuahua,Chihuahua,Chihuahua,31132
31146,Quintas San Antonio,Fraccionamiento,Chihuahua,Chihuahua,Chihuahua,31132
31146,Real de Potreros,Fraccionamiento,Chihuahua,Chihuahua,Chihuahua,31132
31146,Olimpo,Fraccionamiento,Chihuahua,Chihuahua,Chihuahua,31132
31146,El Mineral,Fraccionamiento,Chihuahua,Chihuahua,Chihuahua,31132
31146,Los Potreros II,Fraccionamiento,Chihuahua,Chihuahua,Chihuahua,31132
31146,La Conchita,Rancho,Chihuahua,Chihuahua,Chihuahua,31132
31150,Pedregal del Real,Fraccionamiento,Chihuahua,Chihuahua,Chihuahua,31102
31150,Puerta Cibeles,Fraccionamiento,Chihuahua,Chihuahua,Chihuahua,31102
31150,Benavente,Fraccionamiento,Chihuahua,Chihuahua,Chihuahua,31102
31150,Nueva Vizcaya Residencial,Fraccionamiento,Chihuahua,Chihuahua,Chihuahua,31102
31150,Nombre de Dios,Colonia,Chihuahua,Chihuahua,Chihuahua,31102
31150,Imperial,Fraccionamiento,Chihuahua,Chihuahua,Chihuahua,31102
31150,Leonardo Bravo,Fraccionamiento,Chihuahua,Chihuahua,Chihuahua,31102
31150,Los Nogales,Fraccionamiento,Chihuahua,Chihuahua,Chihuahua,31102
31150,Sacramento,Fraccionamiento,Chihuahua,Chihuahua,Chihuahua,31102
31150,Luz María,Colonia,Chihuahua,Chihuahua,Chihuahua,31102
31150,Real San Juan,Fraccionamiento,Chihuahua,Chihuahua,Chihuahua,31102
31150,San Carlos,Colonia,Chihuahua,Chihuahua,Chihuahua,31102
31150,Morelos,Colonia,Chihuahua,Chihuahua,Chihuahua,31102
31150,I.T.E.S.M.,Equipamiento,Chihuahua,Chihuahua,Chihuahua,31102
31150,Country Álamos,Fraccionamiento,Chihuahua,Chihuahua,Chihuahua,31102
31150,Rincón de los Cerezos,Fraccionamiento,Chihuahua,Chihuahua,Chihuahua,31102
31150,Unidad Cerrada Carolina,Fraccionamiento,Chihuahua,Chihuahua,Chihuahua,31102
31150,San Cristóbal,Fraccionamiento,Chihuahua,Chihuahua,Chihuahua,31102
31153,Grutas de Nombre de Dios Chihuahua,Colonia,Chihuahua,Chihuahua,Chihuahua,31102
31160,Caminos del Valle,Fraccionamiento,Chihuahua,Chihuahua,Chihuahua,31102
31160,Residencial Albaterra,Fraccionamiento,Chihuahua,Chihuahua,Chihuahua,31102
31160,Valdivia II Residencial,Fraccionamiento,Chihuahua,Chihuahua,Chihuahua,31102
31160,Valdivia Residencial,Fraccionamiento,Chihuahua,Chihuahua,Chihuahua,31102
31160,Torralba Residencial,Fraccionamiento,Chihuahua,Chihuahua,Chihuahua,31102
31160,Albaterra III,Fraccionamiento,Chihuahua,Chihuahua,Chihuahua,31102
31160,Valle de Mercia,Fraccionamiento,Chihuahua,Chihuahua,Chihuahua,31102
31160,Bosque Real,Fraccionamiento,Chihuahua,Chihuahua,Chihuahua,31102
31160,Trento,Fraccionamiento,Chihuahua,Chihuahua,Chihuahua,31102
31160,Rinconadas del Valle,Fraccionamiento,Chihuahua,Chihuahua,Chihuahua,31102
31160,Encordadas del Valle,Fraccionamiento,Chihuahua,Chihuahua,Chihuahua,31102
31160,Bosques del Valle,Fraccionamiento,Chihuahua,Chihuahua,Chihuahua,31102
31170,Quinta San Carlo,Fraccionamiento,Chihuahua,Chihuahua,Chihuahua,31132
31170,Molino de Agua,Fraccionamiento,Chihuahua,Chihuahua,Chihuahua,31132
31170,Foxconn,Zona industrial,Chihuahua,Chihuahua,Chihuahua,31132
31170,Palma Real,Fraccionamiento,Chihuahua,Chihuahua,Chihuahua,31132
31170,Las Aldabas,Fraccionamiento,Chihuahua,Chihuahua,Chihuahua,31132
31180,Villas del Rey,Fraccionamiento,Chihuahua,Chihuahua,Chihuahua,31132
31180,San Gabriel,Fraccionamiento,Chihuahua,Chihuahua,Chihuahua,31132
31183,Nuevo Milenio,Fraccionamiento,Chihuahua,Chihuahua,Chihuahua,31132
31183,Lomas de Monte Carlo,Fraccionamiento,Chihuahua,Chihuahua,Chihuahua,31132
31183,Residencial Las Viñas,Fraccionamiento,Chihuahua,Chihuahua,Chihuahua,31132
31183,Parque Industrial Supra,Zona industrial,Chihuahua,Chihuahua,Chihuahua,31132
31183,Campestre las Carolinas,Fraccionamiento,Chihuahua,Chihuahua,Chihuahua,31132
31183,Jardines del Sol,Fraccionamiento,Chihuahua,Chihuahua,Chihuahua,31132
31183,Real Carolinas,Fraccionamiento,Chihuahua,Chihuahua,Chihuahua,31132
31183,Quintas Montecarlo,Fraccionamiento,Chihuahua,Chihuahua,Chihuahua,31132
31183,Rincón de los Olivos,Fraccionamiento,Chihuahua,Chihuahua,Chihuahua,31132
31183,Los Olivos,Fraccionamiento,Chihuahua,Chihuahua,Chihuahua,31132
31183,Granjas del Valle,Colonia,Chihuahua,Chihuahua,Chihuahua,31132
31183,Villas del Rey V,Fraccionamiento,Chihuahua,Chihuahua,Chihuahua,31132
31183,Parque Industrial Impulso,Zona industrial,Chihuahua,Chihuahua,Chihuahua,31132
31183,Quintas Montecarlo II,Fraccionamiento,Chihuahua,Chihuahua,Chihuahua,31132
31183,Olivar de Castilla,Fraccionamiento,Chihuahua,Chihuahua,Chihuahua,31132
31184,Vistas del Norte,Fraccionamiento,Chihuahua,Chihuahua,Chihuahua,31132
31184,Riberas del Sacramento,Colonia,Chihuahua,Chihuahua,Chihuahua,31132
31184,Agrícola Francisco Villa,Colonia,Chihuahua,Chihuahua,Chihuahua,31132
31186,Ladrilleros Norte,Colonia,Chihuahua,Chihuahua,Chihuahua,31132
31200,La Cima,Colonia,Chihuahua,Chihuahua,Chihuahua,31001
31200,Ciudad Universitaria,Equipamiento,Chihuahua,Chihuahua,Chihuahua,31001
31200,Santo Niño,Colonia,Chihuahua,Chihuahua,Chihuahua,31001
31200,Altavista,Colonia,Chihuahua,Chihuahua,Chihuahua,31001
31200,Magisterial Universidad,Colonia,Chihuahua,Chihuahua,Chihuahua,31001
31200,Carlos Guizar,Fraccionamiento,Chihuahua,Chihuahua,Chihuahua,31001
31200,Unidad Tecnológico,Colonia,Chihuahua,Chihuahua,Chihuahua,31001
31200,De la Madre (10 de Mayo),Colonia,Chihuahua,Chihuahua,Chihuahua,31001
31200,Rincones de La Cima,Fraccionamiento,Chihuahua,Chihuahua,Chihuahua,31001
31200,Residencial Nieves,Fraccionamiento,Chihuahua,Chihuahua,Chihuahua,31001
31200,Silvino Rodriguez,Unidad habitacional,Chihuahua,Chihuahua,Chihuahua,31001
31203,Rincón de San Felipe,Fraccionamiento,Chihuahua,Chihuahua,Chihuahua,31001
31203,San Felipe I,Colonia,Chihuahua,Chihuahua,Chihuahua,31001
31203,San Felipe II,Colonia,Chihuahua,Chihuahua,Chihuahua,31001
31203,San Felipe III,Colonia,Chihuahua,Chihuahua,Chihuahua,31001
31203,San Felipe IV,Colonia,Chihuahua,Chihuahua,Chihuahua,31001
31203,San Felipe V,Colonia,Chihuahua,Chihuahua,Chihuahua,31001
31203,Angel Trías,Colonia,Chihuahua,Chihuahua,Chihuahua,31001
31203,Leones Universidad,Colonia,Chihuahua,Chihuahua,Chihuahua,31001
31203,Adición Universidad,Fraccionamiento,Chihuahua,Chihuahua,Chihuahua,31001
31203,Vicente Guerrero,Colonia,Chihuahua,Chihuahua,Chihuahua,31001
31203,Parques de San Felipe,Colonia,Chihuahua,Chihuahua,Chihuahua,31001
31203,Ampliación Parques de San Felipe,Colonia,Chihuahua,Chihuahua,Chihuahua,31001
31203,San Felipe Viejo,Colonia,Chihuahua,Chihuahua,Chihuahua,31001
31203,Unidad Universidad,Colonia,Chihuahua,Chihuahua,Chihuahua,31001
31204,El Palomar,Colonia,Chihuahua,Chihuahua,Chihuahua,31001
31204,Emiliano Zapata,Colonia,Chihuahua,Chihuahua,Chihuahua,31001
31205,Rinconada Taurina,Fraccionamiento,Chihuahua,Chihuahua,Chihuahua,31001
31205,Mirador,Colonia,Chihuahua,Chihuahua,Chihuahua,31001
31205,Los Sicomoros,Colonia,Chihuahua,Chihuahua,Chihuahua,31001
31205,La Lomita,Colonia,Chihuahua,Chihuahua,Chihuahua,31001
31205,Las Palmas,Colonia,Chihuahua,Chihuahua,Chihuahua,31001
31205,Arquitos,Colonia,Chihuahua,Chihuahua,Chihuahua,31001
31205,Unidad Chihuahua,Unidad habitacional,Chihuahua,Chihuahua,Chihuahua,31001
31205,Vista Hermosa,Colonia,Chihuahua,Chihuahua,Chihuahua,31001
31205,Fuentes del Santuario,Colonia,Chihuahua,Chihuahua,Chihuahua,31001
31206,Lomas del Santuario,Colonia,Chihuahua,Chihuahua,Chihuahua,31001
31206,Jardines del Santuario,Fraccionamiento,Chihuahua,Chihuahua,Chihuahua,31001
31206,Vista del Sol,Colonia,Chihuahua,Chihuahua,Chihuahua,31001
31206,Abraham González FOVISSSTE,Fraccionamiento,Chihuahua,Chihuahua,Chihuahua,31001
31206,Avícola II,Colonia,Chihuahua,Chihuahua,Chihuahua,31001
31206,Condominios FOVISSSTE,Condominio,Chihuahua,Chihuahua,Chihuahua,31001
31206,Herradura la Salle,Colonia,Chihuahua,Chihuahua,Chihuahua,31001
31206,Pablo Gómez,Colonia,Chihuahua,Chihuahua,Chihuahua,31001
31207,Plaza del Sol,Zona comercial,Chihuahua,Chihuahua,Chihuahua,31001
31207,Andares,Fraccionamiento,Chihuahua,Chihuahua,Chihuahua,31001
31207,Rincón de las Flores,Fraccionamiento,Chihuahua,Chihuahua,Chihuahua,31001
31207,Península Residencial,Fraccionamiento,Chihuahua,Chihuahua,Chihuahua,31001
31207,Haciendas del Rejón,Fraccionamiento,Chihuahua,Chihuahua,Chihuahua,31001
31207,Cataluña,Fraccionamiento,Chihuahua,Chihuahua,Chihuahua,31001
31207,Mondello Residencial,Fraccionamiento,Chihuahua,Chihuahua,Chihuahua,31001
31207,Ankara,Fraccionamiento,Chihuahua,Chihuahua,Chihuahua,31001
31207,Reserva del Parque,Fraccionamiento,Chihuahua,Chihuahua,Chihuahua,31001
31207,Monte Caleres,Fraccionamiento,Chihuahua,Chihuahua,Chihuahua,31001
31207,Baleares,Fraccionamiento,Chihuahua,Chihuahua,Chihuahua,31001
31207,Castilla Reliz,Fraccionamiento,Chihuahua,Chihuahua,Chihuahua,31001
31207,Plaza Comercial,Zona comercial,Chihuahua,Chihuahua,Chihuahua,31001
31207,Saratoga,Fraccionamiento,Chihuahua,Chihuahua,Chihuahua,31001
31207,Avícola I,Colonia,Chihuahua,Chihuahua,Chihuahua,31001
31207,Lomas Altas I,Fraccionamiento,Chihuahua,Chihuahua,Chihuahua,31001
31207,Lomas Altas II,Fraccionamiento,Chihuahua,Chihuahua,Chihuahua,31001
31207,Lomas Altas III,Fraccionamiento,Chihuahua,Chihuahua,Chihuahua,31001
31207,Puerta de Hierro,Colonia,Chihuahua,Chihuahua,Chihuahua,31001
31207,Cerrada Vista Real,Colonia,Chihuahua,Chihuahua,Chihuahua,31001
31207,Las Fuentes,Fraccionamiento,Chihuahua,Chihuahua,Chihuahua,31001
31207,Fuentes del Sol,Fraccionamiento,Chihuahua,Chihuahua,Chihuahua,31001
31207,Diamante Reliz,Fraccionamiento,Chihuahua,Chihuahua,Chihuahua,31001
31207,Bosques del Rejón,Fraccionamiento,Chihuahua,Chihuahua,Chihuahua,31001
31207,Cerrada Castilla,Fraccionamiento,Chihuahua,Chihuahua,Chihuahua,31001
31207,Cerrada de Baena,Fraccionamiento,Chihuahua,Chihuahua,Chihuahua,31001
31207,Cerrada de Ríoja,Fraccionamiento,Chihuahua,Chihuahua,Chihuahua,31001
31207,Lomas Altas V,Fraccionamiento,Chihuahua,Chihuahua,Chihuahua,31001
31207,Cerrada de Navarra,Fraccionamiento,Chihuahua,Chihuahua,Chihuahua,31001
31207,Lomas Altas IV,Fraccionamiento,Chihuahua,Chihuahua,Chihuahua,31001
31207,Verandah Residencial,Fraccionamiento,Chihuahua,Chihuahua,Chihuahua,31001
31207,Cerrada Andalucia,Fraccionamiento,Chihuahua,Chihuahua,Chihuahua,31001
31208,Castello Residencial,Fraccionamiento,Chihuahua,Chihuahua,Chihuahua,31001
31210,Panamericana,Colonia,Chihuahua,Chihuahua,Chihuahua,31001
31210,Américas,Colonia,Chihuahua,Chihuahua,Chihuahua,31001
31210,Burócrata Estatal,Colonia,Chihuahua,Chihuahua,Chihuahua,31001
31210,Presidentes,Colonia,Chihuahua,Chihuahua,Chihuahua,31001
31210,Recursos Hidráulicos,Colonia,Chihuahua,Chihuahua,Chihuahua,31001
31210,Fidel Velázquez,Colonia,Chihuahua,Chihuahua,Chihuahua,31001
31210,Progreso,Colonia,Chihuahua,Chihuahua,Chihuahua,31001
31210,Ampliación Américas,Colonia,Chihuahua,Chihuahua,Chihuahua,31001
31210,Rincón de San Felipe,Colonia,Chihuahua,Chihuahua,Chihuahua,31001
31210,San Felipe VI,Colonia,Chihuahua,Chihuahua,Chihuahua,31001
31213,Campestre Residencial I,Fraccionamiento,Chihuahua,Chihuahua,Chihuahua,31001
31213,Campestre Residencial II,Fraccionamiento,Chihuahua,Chihuahua,Chihuahua,31001
31213,Campestre Residencial III,Fraccionamiento,Chihuahua,Chihuahua,Chihuahua,31001
31213,Campestre Residencial IV,Fraccionamiento,Chihuahua,Chihuahua,Chihuahua,31001
31213,Campanario,Colonia,Chihuahua,Chihuahua,Chihuahua,31001
31213,Club Campestre,Colonia,Chihuahua,Chihuahua,Chihuahua,31001
31213,Vistas Campestre,Colonia,Chihuahua,Chihuahua,Chihuahua,31001
31213,Campanario II,Colonia,Chihuahua,Chihuahua,Chihuahua,31001
31213,Campanario III,Colonia,Chihuahua,Chihuahua,Chihuahua,31001
31213,Campanario IV,Colonia,Chihuahua,Chihuahua,Chihuahua,31001
31213,Campanario III a,Colonia,Chihuahua,Chihuahua,Chihuahua,31001
31213,Campanario III b,Colonia,Chihuahua,Chihuahua,Chihuahua,31001
31213,Campanario III c,Colonia,Chihuahua,Chihuahua,Chihuahua,31001
31213,Uruguay,Fraccionamiento,Chihuahua,Chihuahua,Chihuahua,31001
31213,Monte Vesubio,Fraccionamiento,Chihuahua,Chihuahua,Chihuahua,31001
31214,Quintas del Sol,Colonia,Chihuahua,Chihuahua,Chihuahua,31001
31214,Argeo,Colonia,Chihuahua,Chihuahua,Chihuahua,31001
31214,La Cañada,Colonia,Chihuahua,Chihuahua,Chihuahua,31001
31214,Quintas del Sol II,Colonia,Chihuahua,Chihuahua,Chihuahua,31001
31214,Las Águilas,Colonia,Chihuahua,Chihuahua,Chihuahua,31001
31214,Lomas la Salle,Colonia,Chihuahua,Chihuahua,Chihuahua,31001
31214,Montana,Colonia,Chihuahua,Chihuahua,Chihuahua,31001
31214,Virreyes I,Colonia,Chihuahua,Chihuahua,Chihuahua,31001
31214,Virreyes II,Colonia,Chihuahua,Chihuahua,Chihuahua,31001
31214,Vermont,Colonia,Chihuahua,Chihuahua,Chihuahua,31001
31214,Denver,Fraccionamiento,Chihuahua,Chihuahua,Chihuahua,31001
31214,Quintas Campestre,Fraccionamiento,Chihuahua,Chihuahua,Chihuahua,31001
31214,Quintas del Sol III,Colonia,Chihuahua,Chihuahua,Chihuahua,31001
31215,Haciendas Santa Fe,Colonia,Chihuahua,Chihuahua,Chihuahua,31001
31215,Arcadas,Colonia,Chihuahua,Chihuahua,Chihuahua,31001
31215,Los Cedros,Colonia,Chihuahua,Chihuahua,Chihuahua,31001
31215,Haciendas I,Colonia,Chihuahua,Chihuahua,Chihuahua,31001
31215,Haciendas II,Colonia,Chihuahua,Chihuahua,Chihuahua,31001
31215,Haciendas III,Colonia,Chihuahua,Chihuahua,Chihuahua,31001
31215,Haciendas IV,Colonia,Chihuahua,Chihuahua,Chihuahua,31001
31215,La Escondida,Fraccionamiento,Chihuahua,Chihuahua,Chihuahua,31001
31216,Pedregal del Valle,Condominio,Chihuahua,Chihuahua,Chihuahua,31001
31216,La Haciendita,Colonia,Chihuahua,Chihuahua,Chihuahua,31001
31216,Predio la Cantera,Colonia,Chihuahua,Chihuahua,Chihuahua,31001
31216,Pedregal de San Ángel,Fraccionamiento,Chihuahua,Chihuahua,Chihuahua,31001
31216,Lomas de San Charbel,Fraccionamiento,Chihuahua,Chihuahua,Chihuahua,31001
31216,Lomas del Pedregal,Fraccionamiento,Chihuahua,Chihuahua,Chihuahua,31001
31216,Asturias Residencial,Fraccionamiento,Chihuahua,Chihuahua,Chihuahua,31001
31216,Vistas del Pedregal,Fraccionamiento,Chihuahua,Chihuahua,Chihuahua,31001
31216,Monticello,Fraccionamiento,Chihuahua,Chihuahua,Chihuahua,31001
31216,Lomas del Valle II,Fraccionamiento,Chihuahua,Chihuahua,Chihuahua,31001
31216,Puente de Cantera,Fraccionamiento,Chihuahua,Chihuahua,Chihuahua,31001
31216,Pedregal del Alba Residencial,Fraccionamiento,Chihuahua,Chihuahua,Chihuahua,31001
31216,Jardines del Pedregal Residencial,Fraccionamiento,Chihuahua,Chihuahua,Chihuahua,31001
31216,Vistas del Valle,Fraccionamiento,Chihuahua,Chihuahua,Chihuahua,31001
31216,Natura,Fraccionamiento,Chihuahua,Chihuahua,Chihuahua,31001
31216,Vistas de las Lomas,Fraccionamiento,Chihuahua,Chihuahua,Chihuahua,31001
31216,Rincón de las Lomas I,Fraccionamiento,Chihuahua,Chihuahua,Chihuahua,31001
31216,Cumbres del Pedregal,Fraccionamiento,Chihuahua,Chihuahua,Chihuahua,31001
31216,Lomas del Valle,Fraccionamiento,Chihuahua,Chihuahua,Chihuahua,31001
31216,Cerrada de Cumbres,Fraccionamiento,Chihuahua,Chihuahua,Chihuahua,31001
31216,Residencial la Cantera,Fraccionamiento,Chihuahua,Chihuahua,Chihuahua,31001
31216,Rincón de las Lomas II,Fraccionamiento,Chihuahua,Chihuahua,Chihuahua,31001
31216,Cumbres V,Fraccionamiento,Chihuahua,Chihuahua,Chihuahua,31001
31216,Cima de la Cantera,Fraccionamiento,Chihuahua,Chihuahua,Chihuahua,31001
31216,Fuentes del Valle,Fraccionamiento,Chihuahua,Chihuahua,Chihuahua,31001
31216,Cantera del Pedregal,Fraccionamiento,Chihuahua,Chihuahua,Chihuahua,31001
31217,Haciendas del Valle I,Colonia,Chihuahua,Chihuahua,Chihuahua,31001
31217,Haciendas del Valle II,Colonia,Chihuahua,Chihuahua,Chihuahua,31001
31217,Colinas del Valle,Colonia,Chihuahua,Chihuahua,Chihuahua,31001
31217,Cumbres I,Fraccionamiento,Chihuahua,Chihuahua,Chihuahua,31001
31217,Cumbres II,Fraccionamiento,Chihuahua,Chihuahua,Chihuahua,31001
31217,Cumbres III,Fraccionamiento,Chihuahua,Chihuahua,Chihuahua,31001
31217,Residencial Campestre Washington,Fraccionamiento,Chihuahua,Chihuahua,Chihuahua,31001
31217,Cumbres IV,Fraccionamiento,Chihuahua,Chihuahua,Chihuahua,31001
31220,Monteverde,Fraccionamiento,Chihuahua,Chihuahua,Chihuahua,31001
31220,Villa Santa Lucía,Fraccionamiento,Chihuahua,Chihuahua,Chihuahua,31001
31220,Seratta 36,Fraccionamiento,Chihuahua,Chihuahua,Chihuahua,31001
31220,Hacienda Victoria,Fraccionamiento,Chihuahua,Chihuahua,Chihuahua,31001
31220,Hacienda Loreto,Fraccionamiento,Chihuahua,Chihuahua,Chihuahua,31001
31220,Haciendas Sofía,Fraccionamiento,Chihuahua,Chihuahua,Chihuahua,31001
31220,Vancouver,Fraccionamiento,Chihuahua,Chihuahua,Chihuahua,31001
31220,Tracia,Fraccionamiento,Chihuahua,Chihuahua,Chihuahua,31001
31220,Ática,Fraccionamiento,Chihuahua,Chihuahua,Chihuahua,31001
31220,Bosques Boreales,Fraccionamiento,Chihuahua,Chihuahua,Chihuahua,31001
31220,Ámbar,Fraccionamiento,Chihuahua,Chihuahua,Chihuahua,31001
31220,Magenta,Fraccionamiento,Chihuahua,Chihuahua,Chihuahua,31001
31220,San Vicente,Pueblo,Chihuahua,Chihuahua,Chihuahua,31001
31220,Hacienda Isabella,Fraccionamiento,Chihuahua,Chihuahua,Chihuahua,31001
31220,Hacienda Carlota,Fraccionamiento,Chihuahua,Chihuahua,Chihuahua,31001
31220,Hacienda Camila,Fraccionamiento,Chihuahua,Chihuahua,Chihuahua,31001
31223,Rancho Suárez,Pueblo,Chihuahua,Chihuahua,Chihuahua,31001
31223,Área Recreativa El Herradero,Equipamiento,Chihuahua,Chihuahua,Chihuahua,31001
31300,Arcadias II,Colonia,Chihuahua,Chihuahua,Chihuahua,31001
31300,Barrio del Norte,Colonia,Chihuahua,Chihuahua,Chihuahua,31001
31300,El Vallecito,Fraccionamiento,Chihuahua,Chihuahua,Chihuahua,31001
31300,Junta de los Ríos,Colonia,Chihuahua,Chihuahua,Chihuahua,31001
31300,San Juan Bautista,Colonia,Chihuahua,Chihuahua,Chihuahua,31001
31300,Lince,Fraccionamiento,Chihuahua,Chihuahua,Chihuahua,31001
31300,San Rene,Colonia,Chihuahua,Chihuahua,Chihuahua,31001
31300,Ampliación Junta de los Ríos (B),Colonia,Chihuahua,Chihuahua,Chihuahua,31001
31300,Vistas del Sacramento,Colonia,Chihuahua,Chihuahua,Chihuahua,31001
31300,San Francisco,Colonia,Chihuahua,Chihuahua,Chihuahua,31001
31300,San Marcos,Colonia,Chihuahua,Chihuahua,Chihuahua,31001
31300,Claudia,Fraccionamiento,Chihuahua,Chihuahua,Chihuahua,31001
31300,Rincón del Arcángel,Fraccionamiento,Chihuahua,Chihuahua,Chihuahua,31001
31304,Industrial,Colonia,Chihuahua,Chihuahua,Chihuahua,31001
31304,Hacienda de la Flor,Colonia,Chihuahua,Chihuahua,Chihuahua,31001
31304,Josefa Ortiz de Domínguez,Colonia,Chihuahua,Chihuahua,Chihuahua,31001
31304,La Junta,Colonia,Chihuahua,Chihuahua,Chihuahua,31001
31304,Ferrocarrilera,Colonia,Chihuahua,Chihuahua,Chihuahua,31001
31310,Cerro Prieto,Colonia,Chihuahua,Chihuahua,Chihuahua,31001
31310,Paso del Norte,Colonia,Chihuahua,Chihuahua,Chihuahua,31001
31310,Rodolfo Aguilar,Colonia,Chihuahua,Chihuahua,Chihuahua,31001
31313,Paseo de los Leones,Fraccionamiento,Chihuahua,Chihuahua,Chihuahua,31052
31313,Rancho Guadalupe (Labor de Guadalupe),Colonia,Chihuahua,Chihuahua,Chihuahua,31052
31313,Valle de Chihuahua,Colonia,Chihuahua,Chihuahua,Chihuahua,31052
31313,Colinas del León,Fraccionamiento,Chihuahua,Chihuahua,Chihuahua,31052
31313,Praderas de León,Fraccionamiento,Chihuahua,Chihuahua,Chihuahua,31052
31313,Romanzza,Fraccionamiento,Chihuahua,Chihuahua,Chihuahua,31052
31313,Encordada de León,Fraccionamiento,Chihuahua,Chihuahua,Chihuahua,31052
31313,Riberas del Valle,Fraccionamiento,Chihuahua,Chihuahua,Chihuahua,31052
31313,Brisas del León,Fraccionamiento,Chihuahua,Chihuahua,Chihuahua,31052
31313,Quinta Versalles,Fraccionamiento,Chihuahua,Chihuahua,Chihuahua,31052
31313,Romance,Fraccionamiento,Chihuahua,Chihuahua,Chihuahua,31052
31314,Lindavista,Colonia,Chihuahua,Chihuahua,Chihuahua,31052
31314,La Pista,Fraccionamiento,Chihuahua,Chihuahua,Chihuahua,31052
31314,Florida,Colonia,Chihuahua,Chihuahua,Chihuahua,31052
31350,Popular,Colonia,Chihuahua,Chihuahua,Chihuahua,31052
31350,Arquitectos,Colonia,Chihuahua,Chihuahua,Chihuahua,31052
31350,Benito Juárez,Colonia,Chihuahua,Chihuahua,Chihuahua,31052
31350,Cazadores,Colonia,Chihuahua,Chihuahua,Chihuahua,31052
31350,Che Guevara,Colonia,Chihuahua,Chihuahua,Chihuahua,31052
31350,Obrera,Colonia,Chihuahua,Chihuahua,Chihuahua,31052
31350,Roma Sur,Colonia,Chihuahua,Chihuahua,Chihuahua,31052
31350,Tiradores,Colonia,Chihuahua,Chihuahua,Chihuahua,31052
31350,Montecarlo,Colonia,Chihuahua,Chihuahua,Chihuahua,31052
31350,Chihuahuense,Colonia,Chihuahua,Chihuahua,Chihuahua,31052
31350,Barrio El Bajo,Barrio,Chihuahua,Chihuahua,Chihuahua,31052
31370,Cumbres de Robinson,Fraccionamiento,Chihuahua,Chihuahua,Chihuahua,31052
31370,Lealtad,Colonia,Chihuahua,Chihuahua,Chihuahua,31052
31370,Plomeros,Colonia,Chihuahua,Chihuahua,Chihuahua,31052
31370,Rubén Jaramillo,Colonia,Chihuahua,Chihuahua,Chihuahua,31052
31370,Ampliación Rubén Jaramillo,Colonia,Chihuahua,Chihuahua,Chihuahua,31052
31370,Independencia,Colonia,Chihuahua,Chihuahua,Chihuahua,31052
31370,Porticos de Bella Cumbre,Fraccionamiento,Chihuahua,Chihuahua,Chihuahua,31052
31375,La Concordia,Colonia,Chihuahua,Chihuahua,Chihuahua,31052
31375,Arturo Gamiz,Colonia,Chihuahua,Chihuahua,Chihuahua,31052
31375,Ampliación Arturo Gamiz,Colonia,Chihuahua,Chihuahua,Chihuahua,31052
31375,Las Acacias,Colonia,Chihuahua,Chihuahua,Chihuahua,31052
31375,Robinson Residencial,Colonia,Chihuahua,Chihuahua,Chihuahua,31052
31375,Robinson Sector IV,Colonia,Chihuahua,Chihuahua,Chihuahua,31052
31375,El Torreón,Colonia,Chihuahua,Chihuahua,Chihuahua,31052
31375,2 de Octubre,Colonia,Chihuahua,Chihuahua,Chihuahua,31052
31375,Antiguo Lienzo Charro,Colonia,Chihuahua,Chihuahua,Chihuahua,31052
31375,Manuel Buendía,Colonia,Chihuahua,Chihuahua,Chihuahua,31052
31375,Melchor Ocampo,Colonia,Chihuahua,Chihuahua,Chihuahua,31052
31375,Obrera Vista Avalos,Colonia,Chihuahua,Chihuahua,Chihuahua,31052
31375,Sector 3 Robinson,Colonia,Chihuahua,Chihuahua,Chihuahua,31052
31375,Ladrilleros,Colonia,Chihuahua,Chihuahua,Chihuahua,31052
31375,Charreria,Colonia,Chihuahua,Chihuahua,Chihuahua,31052
31375,24 de Febrero,Colonia,Chihuahua,Chihuahua,Chihuahua,31052
31376,Tabalaopa,Colonia,Chihuahua,Chihuahua,Chihuahua,31052
31376,Los Girasoles,Colonia,Chihuahua,Chihuahua,Chihuahua,31052
31376,Hacienda Tabalaopa,Colonia,Chihuahua,Chihuahua,Chihuahua,31052
31376,Santo Domingo,Fraccionamiento,Chihuahua,Chihuahua,Chihuahua,31052
31376,Las Pampas,Fraccionamiento,Chihuahua,Chihuahua,Chihuahua,31052
31376,Privada del Carruaje,Fraccionamiento,Chihuahua,Chihuahua,Chihuahua,31052
31380,Los Nogales,Colonia,Chihuahua,Chihuahua,Chihuahua,31052
31380,Fundadores,Colonia,Chihuahua,Chihuahua,Chihuahua,31052
31384,Prados Sur,Fraccionamiento,Chihuahua,Chihuahua,Chihuahua,31052
31384,San Isidro Labrador,Colonia,Chihuahua,Chihuahua,Chihuahua,31052
31384,Aeropuerto,Colonia,Chihuahua,Chihuahua,Chihuahua,31052
31384,Sierra Azul,Fraccionamiento,Chihuahua,Chihuahua,Chihuahua,31052
31384,Veredas del Sur,Fraccionamiento,Chihuahua,Chihuahua,Chihuahua,31052
31384,La Galera,Fraccionamiento,Chihuahua,Chihuahua,Chihuahua,31052
31384,Acequias de Tabalaopa,Colonia,Chihuahua,Chihuahua,Chihuahua,31052
31384,California,Fraccionamiento,Chihuahua,Chihuahua,Chihuahua,31052
31384,Rincones de Sierra Azul,Fraccionamiento,Chihuahua,Chihuahua,Chihuahua,31052
31384,Parque Industrial Intermex Aeropuerto,Zona industrial,Chihuahua,Chihuahua,Chihuahua,31052
31384,Rinconada Oriente,Fraccionamiento,Chihuahua,Chihuahua,Chihuahua,31052
31384,Quintas Juan Pablo I,Fraccionamiento,Chihuahua,Chihuahua,Chihuahua,31052
31384,Los Naranjos,Fraccionamiento,Chihuahua,Chihuahua,Chihuahua,31052
31384,Quintas Juan Pablo II,Fraccionamiento,Chihuahua,Chihuahua,Chihuahua,31052
31385,Puerta Savona,Fraccionamiento,Chihuahua,Chihuahua,Chihuahua,31052
31385,Parque Industrial Chihuahua Sur,Zona industrial,Chihuahua,Chihuahua,Chihuahua,31052
31385,Quinta Arboleda Oriente,Fraccionamiento,Chihuahua,Chihuahua,Chihuahua,31052
31385,Portal del Real,Fraccionamiento,Chihuahua,Chihuahua,Chihuahua,31052
31385,Jardines de San Agustín,Fraccionamiento,Chihuahua,Chihuahua,Chihuahua,31052
31385,Los Encinos Oriente I,Fraccionamiento,Chihuahua,Chihuahua,Chihuahua,31052
31385,Punta Oriente,Fraccionamiento,Chihuahua,Chihuahua,Chihuahua,31052
31385,Praderas del Sur,Fraccionamiento,Chihuahua,Chihuahua,Chihuahua,31052
31385,Jardines de Oriente,Fraccionamiento,Chihuahua,Chihuahua,Chihuahua,31052
31385,Paseos del Camino Real,Fraccionamiento,Chihuahua,Chihuahua,Chihuahua,31052
31385,Puntas Naranjos Oriente I,Fraccionamiento,Chihuahua,Chihuahua,Chihuahua,31052
31385,Sol de Oriente,Fraccionamiento,Chihuahua,Chihuahua,Chihuahua,31052
31390,General Roberto Fierro Villalobos,Aeropuerto,Chihuahua,Chihuahua,Chihuahua,31052
31410,Guadalupe,Colonia,Chihuahua,Chihuahua,Chihuahua,31052
31410,Campesina,Colonia,Chihuahua,Chihuahua,Chihuahua,31052
31410,Begonias,Colonia,Chihuahua,Chihuahua,Chihuahua,31052
31410,Campesina Nueva,Colonia,Chihuahua,Chihuahua,Chihuahua,31052
31414,Peña Blanca,Colonia,Chihuahua,Chihuahua,Chihuahua,31052
31414,Ramón Reyes,Colonia,Chihuahua,Chihuahua,Chihuahua,31052
31414,Morelos,Colonia,Chihuahua,Chihuahua,Chihuahua,31052
31414,Esperanza,Colonia,Chihuahua,Chihuahua,Chihuahua,31052
31414,Miguel Hidalgo,Colonia,Chihuahua,Chihuahua,Chihuahua,31052
31414,Martín López,Colonia,Chihuahua,Chihuahua,Chihuahua,31052
31414,Alfredo Chávez,Colonia,Chihuahua,Chihuahua,Chihuahua,31052
31415,Parque Tecnológico BAFAR,Zona industrial,Chihuahua,Chihuahua,Chihuahua,31052
31415,Campestre del Bosque,Colonia,Chihuahua,Chihuahua,Chihuahua,31052
31415,Campestre las Alamedas,Colonia,Chihuahua,Chihuahua,Chihuahua,31052
31415,Labor de Terrazas,Pueblo,Chihuahua,Chihuahua,Chihuahua,31052
31415,Granjas Agropecuarias,Colonia,Chihuahua,Chihuahua,Chihuahua,31052
31416,Los Pinos,Colonia,Chihuahua,Chihuahua,Chihuahua,31052
31416,Universitaria Ampliación II,Colonia,Chihuahua,Chihuahua,Chihuahua,31052
31416,Universitaria Bella Vista,Colonia,Chihuahua,Chihuahua,Chihuahua,31052
31450,Las Animas,Colonia,Chihuahua,Chihuahua,Chihuahua,31052
31453,Zootecnia,Colonia,Chihuahua,Chihuahua,Chihuahua,31052
31453,Universitario,Fraccionamiento,Chihuahua,Chihuahua,Chihuahua,31052
31455,Valle de la Madrid,Colonia,Chihuahua,Chihuahua,Chihuahua,31052
31455,Genaro Vázquez,Colonia,Chihuahua,Chihuahua,Chihuahua,31052
31456,Francisco R. Almada,Colonia,Chihuahua,Chihuahua,Chihuahua,31052
31456,Las Malvinas,Colonia,Chihuahua,Chihuahua,Chihuahua,31052
31456,Pavis Borunda,Colonia,Chihuahua,Chihuahua,Chihuahua,31052
31456,Aires del Sur,Colonia,Chihuahua,Chihuahua,Chihuahua,31052
31456,Aires del Sur II,Fraccionamiento,Chihuahua,Chihuahua,Chihuahua,31052
31460,Cerro de la Cruz,Colonia,Chihuahua,Chihuahua,Chihuahua,31052
31460,San Martín,Colonia,Chihuahua,Chihuahua,Chihuahua,31052
31460,Ramiro Valles,Colonia,Chihuahua,Chihuahua,Chihuahua,31052
31460,David Alfaro Siqueiros,Colonia,Chihuahua,Chihuahua,Chihuahua,31052
31460,PRI Municipal,Colonia,Chihuahua,Chihuahua,Chihuahua,31052
31470,Margarita Maza de Juárez,Colonia,Chihuahua,Chihuahua,Chihuahua,31052
31470,Brisas del Noroeste,Colonia,Chihuahua,Chihuahua,Chihuahua,31052
31470,Burócrata Federal,Colonia,Chihuahua,Chihuahua,Chihuahua,31052
31470,Unidad Cuauhtémoc,Unidad habitacional,Chihuahua,Chihuahua,Chihuahua,31052
31470,Universitaria Ampliación I,Colonia,Chihuahua,Chihuahua,Chihuahua,31052
31620,Rancho de Soto,Ejido,Chihuahua,Chihuahua,,31001
31620,El Charco,Colonia,Chihuahua,Chihuahua,,31001
31620,San Antonio,Colonia,Chihuahua,Chihuahua,,31001
31620,La Casita,Ranchería,Chihuahua,Chihuahua,,31001
31620,Soto,Colonia,Chihuahua,Chihuahua,,31001
31622,Enmedio (Estación Müller),Ranchería,Chihuahua,Chihuahua,,31001
31622,Horcasitas,Ranchería,Chihuahua,Chihuahua,,31001
31623,El Alamillo,Rancho,Chihuahua,Chihuahua,,31001
31623,Los Aguilares,Ranchería,Chihuahua,Chihuahua,,31001
31623,El Trillo,Colonia,Chihuahua,Chihuahua,,31001
31623,Guadalupe,Ejido,Chihuahua,Chihuahua,,31001
31624,Palo Blanco,Ranchería,Chihuahua,Chihuahua,,31001
31624,La Cieneguita,Ranchería,Chihuahua,Chihuahua,,31001
31624,La Molina,Ejido,Chihuahua,Chihuahua,,31001
31625,La Virgen (Rancho de Mendoza),Ranchería,Chihuahua,Chihuahua,,31001
31625,La Cuadrilla,Ranchería,Chihuahua,Chihuahua,,31001
31625,El Fresno,Ejido,Chihuahua,Chihuahua,,31001
31625,El Vallecillo,Ejido,Chihuahua,Chihuahua,,31001
31625,La Haciendita,Ejido,Chihuahua,Chihuahua,,31001
31625,La Noria (San Isidro),Ejido,Chihuahua,Chihuahua,,31001
31626,Estación Terrazas y Minas del Cobre,Ejido,Chihuahua,Chihuahua,,31001
31626,El Olivo de Abajo,Colonia,Chihuahua,Chihuahua,,31001
31626,Loma Bonita,Ranchería,Chihuahua,Chihuahua,,31001
31627,Nuevo Sacramento,Ejido,Chihuahua,Chihuahua,,31001
31627,Granjas el Paraíso,Ranchería,Chihuahua,Chihuahua,,31001
31627,Granjas Familiares Sacramento,Colonia,Chihuahua,Chihuahua,,31001
31627,Granjas Sacramento,Colonia,Chihuahua,Chihuahua,,31001
31627,Batalla de Sacramento,Colonia,Chihuahua,Chihuahua,,31001
31627,El Jardín,Ejido,Chihuahua,Chihuahua,,31001
31627,Sacramento,Colonia,Chihuahua,Chihuahua,,31001
31627,Francisco I. Madero (San Isidro Calabacillas),Ejido,Chihuahua,Chihuahua,,31001
31627,La Soledad y Anexas (La Soledad Majalca),Ejido,Chihuahua,Chihuahua,,31001
31627,Ocampo (Hacienda el Torreón),Colonia,Chihuahua,Chihuahua,,31001
31628,Cuauhtémoc (Punta de Agua),Ejido,Chihuahua,Chihuahua,,31001
31628,Bella Vista,Ejido,Chihuahua,Chihuahua,,31001
31628,Cuauhtémoc (Punta de Agua),Colonia,Chihuahua,Chihuahua,,31001
31628,Hidalgo,Colonia,Chihuahua,Chihuahua,,31001
31628,Nuevo Majalca,Ejido,Chihuahua,Chihuahua,,31001
31628,San Isidro (Los Hoyos),Colonia,Chihuahua,Chihuahua,,31001
31630,Nuevo Delicias,Colonia,Chihuahua,Chihuahua,,31001
31630,Nuevo Delicias y Anexas (Tierras Nuevas),Ejido,Chihuahua,Chihuahua,,31001
31630,El Sauz,Pueblo,Chihuahua,Chihuahua,,31001
31631,La Esperanza,Ranchería,Chihuahua,Chihuahua,,31001
31632,Ojo Laguna,Ejido,Chihuahua,Chihuahua,,31001
31633,El Faro,Ejido,Chihuahua,Chihuahua,,31001
31633,Las Varas,Ranchería,Chihuahua,Chihuahua,,31001
31633,Los Sauces,Ejido,Chihuahua,Chihuahua,,31001